{
    "category": "Metadata",
    "changelog": "https://github.com/91270/Emby.MeiamSub/commit/492294941f822595446fedcf268f4117dacebc1c\n",
    "description": "Download subtitles from Shooter.cn. https://github.com/jjm2473/jellyfin-plugin-shootersub original source https://github.com/91270/Emby.MeiamSub\n",
    "guid": "b44072e0-f89d-4ddb-ab5d-4b81de0fb759",
    "name": "Shooter Subtitles",
    "overview": "Download subtitles from Shooter.cn",
    "owner": "jjm2473",
    "targetAbi": "10.7.0.0",
    "timestamp": "2022-01-07T08:23:52Z",
    "version": "1.0.4.0"
}